run_id,attack,model,dataset,input_index,num_sentences,joined_reference,joined_prediction,reconstruction_time_sec,rouge1_fm,rouge2_fm,rougeL_fm,exact_match,token_acc,padded_token_acc,pred_len,ref_len
51ad09f6629d,dager_ce,openai-community/gpt2-large,cola,0,8,"The children are fond with the ice cream. The patient died. He likes cookies and he hates crumb cake. I met the person who left. I shaved myself. She doesn't meet anyone for dinner, but they can't figure out who. How many feature structures categories can label the first daughter? Susan whispered at Rachel.","The children are fond with the ice cream. The patient died. He likes cookies and he hates crumb cake. I met the person who left. I shaved myself. She doesn't meet anyone for dinner, but they can't figure out who. How many feature structures categories can label the first daughter? Susan whispered at Rachel.",20.208929777145386,1.0,1.0,1.0,1,1.0,1.0,66,66
51ad09f6629d,dager_ce,openai-community/gpt2-large,cola,1,8,The person confessed responsible. That surprised me. We think that Leslie likes us. This flyer and that flyer differ. It is a problem that he is here. I dislike the people in whose house we stayed. Students studying English reads Conrad's Heart of Darkness while at university. Did Calvin his homework?,The person confessed responsible. That surprised me. We think that Leslie likes us. This flyer and that flyer differ. It is a problem that he is here. I dislike the people in whose house we stayed. Students studying English reads Conrad's Heart of Darkness while at university. Did Calvin his homework?,19.54418444633484,1.0,1.0,1.0,1,1.0,1.0,60,60
51ad09f6629d,dager_ce,openai-community/gpt2-large,cola,2,8,"The cake that Jones got was more delicious than the one that Smith got. John thinks it would upset himself to die. Any tiger has orange fur, marked with black stripes. What did you leave before they started playing? She said she talked to those students but I don't know how many. Bill bought a red house, and Max bought one too. We think that Leslie likes ourselves. the book of poems and from Blackwell takes a very long time to read.","The cake that Jones got was more delicious than the one that Smith got. John thinks it would upset himself to die. Any tiger has orange fur, marked with black stripes. What did you leave before they started playing? She said she talked to those students but I don't know how many. Bill bought a red house, and Max bought one too. We think that Leslie likes ourselves. the book of poems and from Blackwell takes a very long time to read.",20.01659059524536,1.0,1.0,1.0,1,1.0,1.0,93,93
51ad09f6629d,dager_ce,openai-community/gpt2-large,cola,3,8,"They represented seriously to the dean Mary as a genuine linguist. We forgot our invitations. John wants not to leave the town. Chris was handed a note. Bill's story about Sue may be amazing, but Max's is virtually incredible. I know the people that voted in the election. The committee will study the feasibility of setting up a national computer network. I no more could have stolen that steak than Jack the diamonds.","They represented seriously to the dean Mary as We forgot our invitations. John wants not to leave the town. Chris was handed a note. Bill's story about Sue may be amazing, but Max I know the people that voted The committee will study the feasibility of setting up a national computer network. I no more could have stolen that steak than Jack the diamonds.",19.743777990341187,0.9285714285714286,0.8840579710144927,0.9285714285714286,0,0.11764705882352941,0.11764705882352941,71,85
51ad09f6629d,dager_ce,openai-community/gpt2-large,cola,4,8,"It is to give up to leave. The administration has issued a statement that it is willing to meet with one of the student groups. She goes and buying some whiskey. Everybody who attended last week's huge rally, whoever they were, signed the petition. Nora sent Peter the book. Gwen hit the baseball. The sailors rode the breeze clear of the rocks. there is nothing to do.","It is to give up to leave. The administration has issued a statement that it is willing to meet with one of the student groups. She goes and buying some whiskey. Everybody who attended last week's huge rally, whoever they were, signed the petition. Nora sent Peter the book. Gwen hit the baseball. The sailors rode the breeze clear of the rocks. there is nothing to do.",20.355952978134155,1.0,1.0,1.0,1,1.0,1.0,79,79
51ad09f6629d,dager_ce,openai-community/gpt2-large,cola,5,8,"In which car was the man seen? Max seemed to be trying to begin to love Harriet, and Fred to be trying to begin to love Sue. John tried to be a good boy. John is likely to leave. We linguists love to argue I have much of the manuscript left to type. Each of the performers came in, but were sitting so far back that we couldn't see who. The only people being added to our group who were at Harvard were students.","In which car was the man seen? Max seemed to be trying to begin to love Harriet, and Fred to be trying to begin to love Sue. John tried to be a good boy. John is likely to leave. We linguists love to argue I have much of the manuscript left to type. Each of the performers came in, but were sitting so far back that we couldn't see who. The only people being added to our group who were at Harvard were students.",20.803203105926514,1.0,1.0,1.0,1,1.0,1.0,95,95
51ad09f6629d,dager_ce,openai-community/gpt2-large,cola,6,8,"We admired the pictures of us in the album. Leslie told us about us. I wonder in whom them to place their trust. A job offered. The higher the stakes, the lower his expectations are. John's drum will always bother me. Chris was handed. Harriet admired Mr Knightley.","We admired the pictures of us in the album. Leslie told us about us. I wonder in whom them to place their trust. A job offered. The higher the stakes, the lower his expectations are. John's drum will always bother me. Chris was handed. Harriet admired Mr Knightley.",19.280421495437622,1.0,1.0,1.0,1,1.0,1.0,59,59
51ad09f6629d,dager_ce,openai-community/gpt2-large,cola,7,8,"The artist drew the child with a pencil. Who did you think kissed the gorilla? That the Cardinal won the game gave Sandy a thrill. Books were taken from each student by the other. I know how many assignments I've graded, but I don't know how many Bill has. I shaped a loaf. What Mary did Bill was give a book. Clearly, John probably will immediately learn French perfectly.","The artist drew the child with a pencil. Who did you think kissed the gorilla? That the Cardinal won the game gave Sandy a thrill. Books were taken from each student by the other. I know how many assignments I've graded, but I don't know how many Bill has. I shaped a loaf. What Mary did Bill was give a book. Clearly, John probably will immediately learn French perfectly.",20.130868434906006,1.0,1.0,1.0,1,1.0,1.0,81,81
51ad09f6629d,dager_ce,openai-community/gpt2-large,cola,8,8,Tom's dog with one eye attacked Fred's. Some people consider dogs dangerous. John promised Bill to leave. The bears sniffed He was arrested by the police. I would prefer to leave. We created a monster. I bought it to read.,Tom's dog with one eye attacked Fred's. Some people consider dogs dangerous. John promised Bill to leave. The bears sniffed He was arrested by the police. I would prefer to leave. We created a monster. I bought it to read.,18.901951551437378,1.0,1.0,1.0,1,1.0,1.0,50,50
51ad09f6629d,dager_ce,openai-community/gpt2-large,cola,9,8,"Many people were fond of Pat. Herself likes Mary's mother. The newspaper has reported that they are about to appoint someone, but I can't remember who the newspaper has reported that they are about to appoint. The magazines were sent by Mary to herself. In the classroom John put the book on the table. Of whom are you thinking? The newspaper has reported that they are about to appoint someone, but I can't remember who they are about to appoint. The bird sings.","Many people were fond of Pat. Herself likes Mary's mother. The newspaper has reported that they are about to appoint someone, but I can't remember who the newspaper has reported that they are about to appoint. The magazines were sent by Mary to herself. In the classroom John put the book on the table. Of whom are you thinking? The newspaper has reported that they are about to appoint someone, but I can't remember who they are about to appoint. The bird sings.",21.25063443183899,1.0,1.0,1.0,1,1.0,1.0,97,97
51ad09f6629d,dager_ce,openai-community/gpt2-large,cola,10,8,"Dave, Dan, Erin, Jaime, and Alina left. Out of the box jumped a little white rabbit. The police sprayed the protesters with water. The cat got bitten. The men will all leave. He let the cats which were whining out. the one with a red cover takes a very long time to read. Which boy's, mother, did you meet who you liked?","Dave, Dan, Erin, Jaime, and Alina left. Out of the box jumped a little white rabbit. The police sprayed the protesters with water. The cat got bitten. The men will all leave. He let the cats which were whining out. the one with a red cover takes a very long time to read. Which boy's, mother, did you meet who you liked?",19.532676696777344,1.0,1.0,1.0,1,1.0,1.0,78,78
51ad09f6629d,dager_ce,openai-community/gpt2-large,cola,11,8,"She mailed John a letter, but I don't know to whom. Mira condemned Terry for the accident. The idea dismayed the Prime Minister that the Dome was dull. Who did you get an accurate description of? John finished the cake and drank the lemonade. John decided Bill to get the prize. What did you ask who Medea gave? Dumb ideas are put in children's heads by TV.","She mailed John a letter, but I don't know to whom. Mira condemned Terry for the accident. The idea dismayed the Prime Minister that the Dome was dull. Who did you get an accurate description of? John finished the cake and drank the lemonade. John decided Bill to get the prize. What did you ask who Medea gave? Dumb ideas are put in children's heads by TV.",19.48609757423401,1.0,1.0,1.0,1,1.0,1.0,82,82
51ad09f6629d,dager_ce,openai-community/gpt2-large,cola,12,8,"In which way is Clinton anxious to find out which budget dilemmas Panetta would be willing to solve? Sandy is very anxious to see if the students will be able to solve the homework problem in a particular way, but she won't tell us which. I've lost my wallet or I've lost my mind. Dumb ideas are put notions in children's heads by TV. The bookcase ran We gave us to the cause. The Peter we all like was at the party I enjoy yourself.","In which way is Clinton anxious to find out which budget dilemmas Panetta would be willing to solve? Sandy is very anxious to see if the students will be able to solve the homework problem in a particular way, but she won't tell us which. I've lost my wallet or I've lost my mind. Dumb ideas are put notions in children's heads by TV. The bookcase ran We gave us to the cause. The Peter we all like was at the party I enjoy yourself.",22.03059983253479,1.0,1.0,1.0,1,1.0,1.0,100,100
51ad09f6629d,dager_ce,openai-community/gpt2-large,cola,13,8,"A letter was received that Jones would be upset by. We appeared to them to vote for themselves. Some people yell at the dogs. It's Anson that I like The argument was summed by the coach up. I saw someone yesterday I hadn't seen for years. Arizona elected Goldwater Senator, and Massachusetts, McCormack. I felt that I know you.","A letter was received that Jones would be upset by. We appeared to them to vote for themselves. Some people yell at the dogs. It's Anson that I like The argument was summed by the coach up. I saw someone yesterday I hadn't seen for years. Arizona elected Goldwater Senator, and Massachusetts, McCormack. I felt that I know you.",19.549618244171143,1.0,1.0,1.0,1,1.0,1.0,73,73
51ad09f6629d,dager_ce,openai-community/gpt2-large,cola,14,8,TV puts dumb ideas in children's heads. The love of my life and mother of my children would never do such a thing. There loved Sandy. I gave money to the charity. Ann bought a first edition of Richard III for $1000. John was seen the book. John was struck by Bill as pompous. I wonder whose mother's dog died.,TV puts dumb ideas in children's heads. The love of my life and mother of my children would never do such a thing. There loved Sandy. I gave money to the charity. Ann bought a first edition of Richard III for $1000. John was seen the book. John was struck by Bill as pompous. I wonder whose mother's dog died.,20.18619704246521,1.0,1.0,1.0,1,1.0,1.0,72,72
51ad09f6629d,dager_ce,openai-community/gpt2-large,cola,15,8,"John tried to leave. I wrote to Bill. Kim depends for Sandy. John thinks that Mary loves himself. Mary asked me if, in St. Louis, John could rent a house cheap. Bill ate the peaches, but Harry the grapes. John asked. John lay the ball in the box.","John tried to leave. I wrote to Bill. Kim depends for Sandy. John thinks that Mary loves himself. Mary asked me if, in St. Louis, John could rent a house cheap. Bill ate the peaches, but Harry the grapes. John asked. John lay the ball in the box.",19.810871601104736,1.0,1.0,1.0,1,1.0,1.0,61,61
51ad09f6629d,dager_ce,openai-community/gpt2-large,cola,16,8,The only person whose kids Dana is willing to put up with is Pat. Soaring temperatures are predicted for this weekend. Agnes wondered how John could eat but it's not clear what. It was the peasant girl who got it. The farmer dumped the cart with apples. I dislike the company in which we placed our trust. Who for Sandy to talk to is still enrolled in the class? That Fido barks annoys me.,The only person whose kids Dana is willing to put up with is Pat. Soaring temperatures are predicted for this weekend. Agnes wondered how John could eat but it's not clear what. It was the peasant girl who got it. The farmer dumped the cart with apples. I dislike the company in which we placed our trust. Who for Sandy to talk to is still enrolled in the class? That Fido barks annoys me.,19.932799816131592,1.0,1.0,1.0,1,1.0,1.0,88,88
51ad09f6629d,dager_ce,openai-community/gpt2-large,cola,17,8,"Park Square has a festive air. We made them be rude. I have to try to finish grading some papers. Ricky can be relied on. No writer, and no playwright, meets in Vienna. Cynthia chewed. I noticed the. If the ants were called elephants and elephants ants, I'd be able to squash an elephant.","Park Square has a festive air. We made them be rude. I have to try to finish grading some papers. Ricky can be relied on. No writer, and no playwright, meets in Vienna. Cynthia chewed. I noticed the. If the ants were called elephants and elephants ants, I'd be able to squash an elephant.",20.366607427597046,1.0,1.0,1.0,1,1.0,1.0,68,68
51ad09f6629d,dager_ce,openai-community/gpt2-large,cola,18,8,There was a felon elected to the city council. He turned into a frog. To please John is easy. The book was seen by Mary. Medea tried the nurse to poison her children. I believe there to be no way out. Where did you go and who ate what? Everything you like is on the table.,There was a felon elected to the city council. He turned into a frog. To please John is easy. The book was seen by Mary. Medea tried the nurse to poison her children. I believe there to be no way out. Where did you go and who ate what? Everything you like is on the table.,19.111443758010864,1.0,1.0,1.0,1,1.0,1.0,65,65
51ad09f6629d,dager_ce,openai-community/gpt2-large,cola,19,8,"John tried to please Stephen. John was promised by Bill to leave. Extremely frantically, Anson danced at Trade A good friend is remained to me by him. So fast did he run that nobody could catch him. Us like them. Dogs like Kim. John grudgingly accepted judgments of his incompetence as an auto mechanic.","John tried to please Stephen. John was promised by Bill to leave. Extremely frantically, Anson danced at Trade A good friend is remained to me by him. So fast did he run that nobody could catch him. Us like them. Dogs like Kim. John grudgingly accepted judgments of his incompetence as an auto mechanic.",19.626324892044067,1.0,1.0,1.0,1,1.0,1.0,66,66
51ad09f6629d,dager_ce,openai-community/gpt2-large,cola,20,8,"The car won't run. I threw away a book that Sandy thought we had read. He can not have been working. It was believed to be illegal by them to do that. I gave Pete the book to impress. The defendant denied the accusation. The person whose mother's dog we were all fond of. John wants to read Fred's story, and I also want to.","The car won't run. I threw away a book that Sandy thought we had read. He can not have been working. It was believed to be illegal by them to do that. I gave Pete the book to impress. The defendant denied the accusation. The person whose mother's dog we were all fond of. John wants to read Fred's story, and I also want to.",20.05451464653015,1.0,1.0,1.0,1,1.0,1.0,77,77
51ad09f6629d,dager_ce,openai-community/gpt2-large,cola,21,8,"We pulled free. Simon quickly dropped the gold, and Jack the diamonds. You will believe Bob. Ellen said about the present conditions. They kicked them Some people consider the dogs dangerous. The kennel which Mary made and Fido sleeps has been stolen. You should sit before there.","We pulled free. Simon quickly dropped the gold, and Jack the diamonds. You will believe Bob. Ellen said about the present conditions. They kicked them Some people consider the dogs dangerous. The kennel which Mary made and Fido sleeps has been stolen. You should sit before there.",19.67529273033142,1.0,1.0,1.0,1,1.0,1.0,58,58
51ad09f6629d,dager_ce,openai-community/gpt2-large,cola,22,8,"Sandra beamed a cheerful welcome. Have you seen my model airplane collection? A student who to talk to us just walked in. Chris dreads the bucket. Everyone hopes that he will sleep. I squeaked the door. John offers many advice. The soup cooks, thickens.","Sandra beamed a cheerful welcome. Have you seen my model airplane collection? A student who to talk to us just walked in. Chris dreads the bucket. Everyone hopes that he will sleep. I squeaked the door. John offers many advice. The soup cooks, thickens.",19.124601125717163,1.0,1.0,1.0,1,1.0,1.0,58,58
51ad09f6629d,dager_ce,openai-community/gpt2-large,cola,23,8,"Either Sam plays the bassoon or Jekyll the oboe. The birds gives the worm a tug. Sandy was trying to work out which students would be able to solve a problem. Each student wrote a paper on a Mayan language, but I don't remember which one. Carla slid the book. It is not true that I might be going to the party. Fluffy is sick, which not everybody knows. Lou forgot the umbrella in the closet.","Either Sam plays the bassoon or Jekyll the oboe. The birds gives the worm a tug. Sandy was trying to work out which students would be able to solve a problem. Each student wrote a paper on a Mayan language, but I don't remember which one. Carla slid the book. It is not true that I might be going to the party. Fluffy is sick, which not everybody knows. Lou forgot the umbrella in the closet.",20.40158200263977,1.0,1.0,1.0,1,1.0,1.0,94,94
51ad09f6629d,dager_ce,openai-community/gpt2-large,cola,24,8,"John was believed by Mary to be telling the truth. Harry told Sue that Albania is a lovely place for a vacation, and Tom. The children admire their mother. The gardener grew that acorn into an oak tree. The horse kicked me black and blue. Tabs were kept on each agent by the other. Which house does your friend live? The administration has issued a statement that it is willing to meet a student group.","John was believed by Mary to be telling the truth. Harry told Sue that Albania is a lovely place for a vacation, and Tom. The children admire their mother. The gardener grew that acorn into an oak tree. The horse kicked me black and blue. Tabs were kept on each agent by the other. Which house does your friend live? The administration has issued a statement that it is willing to meet a student group.",19.893553733825684,1.0,1.0,1.0,1,1.0,1.0,87,87
51ad09f6629d,dager_ce,openai-community/gpt2-large,cola,25,8,Mike talked about politics yesterday to my friends. The child and her mother clung together. Some people consider the dogs in my neighborhood dangerous. The boy in the doorway waved to his father. Lights go out at ten. There will be no talking afterwards. Wind was gotten of a plot to negotiate an honorable end to the war in Vietnam. He could not] have been working. Advantage is taken of every opportunity for improvement.,Mike talked about politics yesterday to my friends. The child and her mother clung together. Some people consider the dogs in my neighborhood dangerous. The boy in the doorway waved to his father. Lights go out at ten. There will be no talking afterwards. Wind was gotten of a plot to negotiate an honorable end to the war in Vietnam. He could not] have been working. Advantage is taken of every opportunity for improvement.,20.02485990524292,1.0,1.0,1.0,1,1.0,1.0,85,85
51ad09f6629d,dager_ce,openai-community/gpt2-large,cola,26,8,It was hated for John to leave. Protect yourself! Everybody around here who ever buys anything on credit talks in his sleep. The car was driven by John to Maine. Linda taped the picture onto the wall. There was some particular dog who saved every family. Which pictures of himself does John like? She's been dancing but we don't know with whom.,It was hated for John to leave. Protect yourself! Everybody around here who ever buys anything on credit talks in his sleep. The car was driven by John to Maine. Linda taped the picture onto the wall. There was some particular dog who saved every family. Which pictures of himself does John like? She's been dancing but we don't know with whom.,19.905357599258423,1.0,1.0,1.0,1,1.0,1.0,72,72
51ad09f6629d,dager_ce,openai-community/gpt2-large,cola,27,8,"The man who Mary loves and Sally hates computed my tax. Joan said she talked to the students, but Fred couldn't figure out who. how silly is Bill considered? John believed it that Bill was tardy. Dana walked and Leslie ran. They make good cooks. The child put the toy on the table. A felon was elected to the city council.","The man who Mary loves and Sally hates computed my tax. Joan said she talked to the students, but Fred couldn't figure out who. how silly is Bill considered? John believed it that Bill was tardy. Dana walked and Leslie ran. They make good cooks. The child put the toy on the table. A felon was elected to the city council.",20.21376872062683,1.0,1.0,1.0,1,1.0,1.0,72,72
51ad09f6629d,dager_ce,openai-community/gpt2-large,cola,28,8,The birds give the worm a tug. John was spoke by Mary to. Penny skated around the rink. The correspondence school made Bill a good typist. John arranged for himself to get the prize. With no job would John be happy. It gave Sandy a thrill that the Cardinal won the game. We relied on Leslie.,The birds give the worm a tug. John was spoke by Mary to. Penny skated around the rink. The correspondence school made Bill a good typist. John arranged for himself to get the prize. With no job would John be happy. It gave Sandy a thrill that the Cardinal won the game. We relied on Leslie.,19.293439626693726,1.0,1.0,1.0,1,1.0,1.0,66,66
51ad09f6629d,dager_ce,openai-community/gpt2-large,cola,29,8,I hit that you knew the answer. John ate dinner but I don't know who. I'm sure I would like him to eat fruit more than I would cookies. List associates of each defendant who speaks Spanish. Kim and Terry is happy. Anybody who attended last week's huge rally signed the petition. These dogs barked. You wanted to meet the man I saw.,I hit that you knew the answer. John ate dinner but I don't know who. I'm sure I would like him to eat fruit more than I would cookies. List associates of each defendant who speaks Spanish. Kim and Terry is happy. Anybody who attended last week's huge rally signed the petition. These dogs barked. You wanted to meet the man I saw.,20.39122176170349,1.0,1.0,1.0,1,1.0,1.0,76,76
51ad09f6629d,dager_ce,openai-community/gpt2-large,cola,30,8,Who do you think Tom saw? Bill's funny story about Sue and Max's boring one about Kathy both amazed me. There were four men arriving at the station when I pulled up. Kris donated a book to the library. The storm arrived while the picnic. Leslie slept. Kim is eager to please Tom. Phillip gave the medal to the soldier.,Who do you think Tom saw? Bill's funny story about Sue and Max's boring one about Kathy both amazed me. There were four men arriving at the station when I pulled up. Kris donated a book to the library. The storm arrived while the picnic. Leslie slept. Kim is eager to please Tom. Phillip gave the medal to the soldier.,20.350443124771118,1.0,1.0,1.0,1,1.0,1.0,70,70
51ad09f6629d,dager_ce,openai-community/gpt2-large,cola,31,8,"Protect you! How did you guess that he fixed the computer? I presented Bill with it to read. Cohen proved the independence of the continuum hypothesis. Visiting relatives can be boring. Bill was struck by John as stupid. He announced he had eaten the asparagus, but we didn't know what. Mary came to be introduced by the bartender and I also came to be.","Protect you! How did you guess that he fixed the computer? I presented Bill with it to read. Cohen proved the independence of the continuum hypothesis. Visiting relatives can be boring. Bill was struck by John as stupid. He announced he had eaten the asparagus, but we didn't know what. Mary came to be introduced by the bartender and I also came to be.",20.036242961883545,1.0,1.0,1.0,1,1.0,1.0,77,77
51ad09f6629d,dager_ce,openai-community/gpt2-large,cola,32,8,"John regards Bill as a good friend. The madrigals which Henry plays the lute and sings sound lousy. The rules require that the executives be polite. Jean persuaded Robert. Any pilot on duty today could be flying this plane. A pilot could be flying this plane. Us love they. That he was hungry, John whined.","John regards Bill as a good friend. The madrigals which Henry plays the lute and sings sound lousy. The rules require that the executives be polite. Jean persuaded Robert. Any pilot on duty today could be flying this plane. A pilot could be flying this plane. Us love they. That he was hungry, John whined.",20.051945447921753,1.0,1.0,1.0,1,1.0,1.0,68,68
51ad09f6629d,dager_ce,openai-community/gpt2-large,cola,33,8,"The jury believed the defendant lied. It would be unwise for there to be no fire exit. Meg is attracted to Harry, but they don't know who she is attracted to. A letter was received Jones would be upset by. A wonderful opportunity presented itself to him yesterday. John said Joan saw someone from her graduating class. Did the child be in the school? He can will go","The jury believed the defendant lied. It would be unwise for there to be no fire exit. Meg is attracted to Harry, but they don't know who she is attracted to. A letter was received Jones would be upset by. A wonderful opportunity presented itself to him yesterday. John said Joan saw someone from her graduating class. Did the child be in the school? He can will go",20.074358224868774,1.0,1.0,1.0,1,1.0,1.0,78,78
51ad09f6629d,dager_ce,openai-community/gpt2-large,cola,34,8,Some sentences go on and on and on. John was lots more obnoxious than Fred. Susan whispered the news. The book what inspired them was very long. John promise Mary to shave himself. It is obvious that Pat is lying. What did you ask who saw? John made Bill mad at himself.,Some sentences go on and on and on. John was lots more obnoxious than Fred. Susan whispered the news. The book what inspired them was very long. John promise Mary to shave himself. It is obvious that Pat is lying. What did you ask who saw? John made Bill mad at himself.,18.926410675048828,1.0,1.0,1.0,1,1.0,1.0,60,60
51ad09f6629d,dager_ce,openai-community/gpt2-large,cola,35,8,Some people yell at the dogs in my neighborhood. The mayor regarded as being absurd the proposal to build a sidewalk from Dartmouth to Smith. Bill didn't allege that Roger had eaten anything. 1 gave Mary after the party a book. The defendants denies the allegation. Fido barks. Who who you like does Sandy also like? This building is tall.,Some people yell at the dogs in my neighborhood. The mayor regarded as being absurd the proposal to build a sidewalk from Dartmouth to Smith. Bill didn't allege that Roger had eaten anything. 1 gave Mary after the party a book. The defendants denies the allegation. Fido barks. Who who you like does Sandy also like? This building is tall.,19.996437311172485,1.0,1.0,1.0,1,1.0,1.0,71,71
51ad09f6629d,dager_ce,openai-community/gpt2-large,cola,36,8,"John's arriving dead surprised me. It was to to amuse us that Kim was singing that they wanted. We walks. Lora buttered at the toast. Somebody apparently struck the unidentified victim during the early morning hours. I gave a book to Bill to read. I will see them, but I don't know how many of them. The tub leaked water.","John's arriving dead surprised me. It was to to amuse us that Kim was singing that they wanted. We walks. Lora buttered at the toast. Somebody apparently struck the unidentified victim during the early morning hours. I gave a book to Bill to read. I will see them, but I don't know how many of them. The tub leaked water.",20.055097341537476,1.0,1.0,1.0,1,1.0,1.0,73,73
51ad09f6629d,dager_ce,openai-community/gpt2-large,cola,37,8,It bothers me that John coughs. I said that never in my life had I seen a place like Bangor. That is the reason why he resigned. They have no in. John became deadly afraid of flying. He danced. I wondered who Medea had poisoned. John bought a book on the table.,It bothers me that John coughs. I said that never in my life had I seen a place like Bangor. That is the reason why he resigned. They have no in. John became deadly afraid of flying. He danced. I wondered who Medea had poisoned. John bought a book on the table.,19.811153650283813,1.0,1.0,1.0,1,1.0,1.0,63,63
51ad09f6629d,dager_ce,openai-community/gpt2-large,cola,38,8,"The guard marched the prisoners round the yard. She was reading the books under the table, but Fred didn't know what books. The book surprised many people. The patient was died. Each author whose contribution is written in any language other than English will provide a summary in English. John wants to leave. Every senator seems to become more corrupt, as he talks to more lobbyists. The more pictures of him that appear in the news, the more embarrassed John becomes.","The guard marched the prisoners round the yard. She was reading the books under the table, but Fred didn't know what books. The book surprised many people. The patient was died. Each author whose contribution is written in any language other than English will provide a summary in English. John wants to leave. Every senator seems to become more corrupt, as he talks to more lobbyists. The more pictures of him that appear in the news, the more embarrassed John becomes.",20.361031532287598,1.0,1.0,1.0,1,1.0,1.0,93,93
51ad09f6629d,dager_ce,openai-community/gpt2-large,cola,39,8,"We gave us presents. Ted was bitten by the spider. Bill ate the peaches, and Harry did, too. One of Korea's most famous poets wrote these lines. Some people yell at noisy dogs. I wonder who to place my trust in. Susan frightens her. The needle poked the cloth.","We gave us presents. Ted was bitten by the spider. Bill ate the peaches, and Harry did, too. One of Korea's most famous poets wrote these lines. Some people yell at noisy dogs. I wonder who to place my trust in. Susan frightens her. The needle poked the cloth.",19.300230741500854,1.0,1.0,1.0,1,1.0,1.0,62,62
51ad09f6629d,dager_ce,openai-community/gpt2-large,cola,40,8,"Whenever Russia has made a major political blunder, the U.S. has too. The teacher became angry with the students. All who lost money in the scam are eligible for the program. We expect there to will rain. John owns the book. Mary will read Fred's story, and Joe will read Holly's. John whispered Mary left. The fugitive lay motionless in order to avoid discovery.","Whenever Russia has made a major political blunder, the U.S. has too. The teacher became angry with the students. All who lost money in the scam are eligible for the program. We expect there to will rain. John owns the book. Mary will read Fred's story, and Joe will read Holly's. John whispered Mary left. The fugitive lay motionless in order to avoid discovery.",20.586995601654053,1.0,1.0,1.0,1,1.0,1.0,81,81
51ad09f6629d,dager_ce,openai-community/gpt2-large,cola,41,8,"I think Agnes said that Bill would speak, but I don't remember what about. Tom will smoke the grass, and Reuben has the hash. Newsweek about crime appeared on the newsstands. I sensed his eagerness. They should pen the letter quickly. Any trouble is what I don't want. Bill ate the peaches and Harry did the grapes. I dislike the people in who we placed our trust.","I think Agnes said that Bill would speak, but I don't remember what about. Tom will smoke the grass, and Reuben has the hash. Newsweek about crime appeared on the newsstands. I sensed his eagerness. They should pen the letter quickly. Any trouble is what I don't want. Bill ate the peaches and Harry did the grapes. I dislike the people in who we placed our trust.",20.048290014266968,1.0,1.0,1.0,1,1.0,1.0,85,85
51ad09f6629d,dager_ce,openai-community/gpt2-large,cola,42,8,Birds sings. John left us orders to follow Pete. John is near Larry. Something happened I couldn't really talk about. John left singing. John is sick. He offended Sandy. John loaded the wagon with hay green.,Birds sings. John left us orders to follow Pete. John is near Larry. Something happened I couldn't really talk about. John left singing. John is sick. He offended Sandy. John loaded the wagon with hay green.,18.99012517929077,1.0,1.0,1.0,1,1.0,1.0,46,46
51ad09f6629d,dager_ce,openai-community/gpt2-large,cola,43,8,"The government's imposition of a fine. Though he may hate those that criticize Carter, it doesn't matter. That Sandy had lied suggested. Lou hoped the umbrella was broken. The weights made the rope stretch over the pulley. Chocolate eggs were hidden from each other by the children. I served my guests. The bed was slept in.","The government's imposition of a fine. Though he may hate those that criticize Carter, it doesn't matter. That Sandy had lied suggested. Lou hoped the umbrella was broken. The weights made the rope stretch over the pulley. Chocolate eggs were hidden from each other by the children. I served my guests. The bed was slept in.",19.701602458953857,1.0,1.0,1.0,1,1.0,1.0,68,68
51ad09f6629d,dager_ce,openai-community/gpt2-large,cola,44,8,"It was the policeman met that several young students in the park last night. A pound was weighed by the book. I borrowed Fred's diagram of a snake's eye because Steve's had been stolen. I presented John with it dead. She was dancing with somebody, but I don't know who with. I don't know who John likes. The soundly and furry cat slept. John has a fear of dogs.","It was the policeman met that several young students in the park last night. A pound was weighed by the book. I borrowed Fred's diagram of a snake's eye because Steve's had been stolen. I presented John with it dead. She was dancing with somebody, but I don't know who with. I don't know who John likes. The soundly and furry cat slept. John has a fear of dogs.",20.34036898612976,1.0,1.0,1.0,1,1.0,1.0,84,84
51ad09f6629d,dager_ce,openai-community/gpt2-large,cola,45,8,"Some people consider noisy dogs dangerous. The evidence assembled by the prosecution convinced the jury. The Dodgers beat the Red Sox and were beaten by the Giants. The TA's have been arguing about whether some student or other should pass, but I can't now remember which one. They claimed they had settled on something, but it wasn't clear what they had settled on. I know the person whose mother died. How fierce the battle? Vote for yourself!","Some people consider noisy dogs dangerous. The evidence assembled by the prosecution convinced the jury. The Dodgers beat the Red Sox and were beaten by the Giants. The TA's have been arguing about whether some student or other should pass, but I can't now remember which one. They claimed they had settled on something, but it wasn't clear what they had settled on. I know the person whose mother died. How fierce the battle? Vote for yourself!",20.809285402297974,1.0,1.0,1.0,1,1.0,1.0,90,90
51ad09f6629d,dager_ce,openai-community/gpt2-large,cola,46,8,"Fiona might be here by 5 o'clock. It stinks that Aphrodite is omnipotent. I know that Meg's attracted to Harry, but they don't know who. If you had eaten more, you would want less. The butler sent the poison to Dinah. This dogs barked. The storm arrived while we ate lunch. Do you believe the claim that somebody was looking for something?","Fiona might be here by 5 o'clock. It stinks that Aphrodite is omnipotent. I know that Meg's attracted to Harry, but they don't know who. If you had eaten more, you would want less. The butler sent the poison to Dinah. This dogs barked. The storm arrived while we ate lunch. Do you believe the claim that somebody was looking for something?",19.723026752471924,1.0,1.0,1.0,1,1.0,1.0,84,84
51ad09f6629d,dager_ce,openai-community/gpt2-large,cola,47,8,Mary saw the boy walking toward the railroad station. I wonder whom us to trust. Ann may spend her vacation in Italy. Sarah smiled a charming smile. Rusty talked about himself only after Mary did talk about him. We celebrated in the streets. The report that crime was declining surprised many people. He left the train with somebody else's wallet in his pocket.,Mary saw the boy walking toward the railroad station. I wonder whom us to trust. Ann may spend her vacation in Italy. Sarah smiled a charming smile. Rusty talked about himself only after Mary did talk about him. We celebrated in the streets. The report that crime was declining surprised many people. He left the train with somebody else's wallet in his pocket.,19.681954383850098,1.0,1.0,1.0,1,1.0,1.0,72,72
51ad09f6629d,dager_ce,openai-community/gpt2-large,cola,48,8,"The teacher became. I mixed the sugar into the butter. Chocolate eggs were hidden from no child by any adult. We arrived about six o'clock You must pick any flower you see. John believes it that Bill is here. The witch poisoned the children. Everybody gets on well with a certain relative, but often only his therapist knows which one.","The teacher became. I mixed the sugar into the butter. Chocolate eggs were hidden from no child by any adult. We arrived about six o'clock You must pick any flower you see. John believes it that Bill is here. The witch poisoned the children. Everybody gets on well with a certain relative, but often only his therapist knows which one.",20.187525987625122,1.0,1.0,1.0,1,1.0,1.0,70,70
51ad09f6629d,dager_ce,openai-community/gpt2-large,cola,49,8,"It is a golden hair. Most elections are quickly forgotten, but the election of 2000, everyone will remember for a long time. Nora sent the book. he had spent five thousand dollars. These stockings will run. This is my favorite. These cars drive easily. It is the problem that he is here.","It is a golden hair. Most elections are quickly forgotten, but the election of 2000, everyone will remember for a long time. Nora sent the book. he had spent five thousand dollars. These stockings will run. This is my favorite. These cars drive easily. It is the problem that he is here.",20.107356548309326,1.0,1.0,1.0,1,1.0,1.0,63,63
51ad09f6629d,dager_ce,openai-community/gpt2-large,cola,50,8,"I forgot how good beer tastes. The only person that I like whose kids Dana is willing to put up with is Pat. They yelled. They were interested in his. It seems that Lucy was mugged. I know which book Mag read, and which book Bob read my report that you hadn't. The earth was believed to be round. I'm sure we even got these tickets!","I forgot how good beer tastes. The only person that I like whose kids Dana is willing to put up with is Pat. They yelled. They were interested in his. It seems that Lucy was mugged. I know which book Mag read, and which book Bob read my report that you hadn't. The earth was believed to be round. I'm sure we even got these tickets!",20.365301370620728,1.0,1.0,1.0,1,1.0,1.0,78,78
51ad09f6629d,dager_ce,openai-community/gpt2-large,cola,51,8,"This girl in the red coat will put a picture of Bill in the mailbox and on your desk before tomorrow. The chair pushed. The magazines were sent to herself by Mary. The book that crime was declining surprised many people. She talked to John or Mary but I don't know which. There presented itself a wonderful opportunity yesterday. Bill must quickly eat the peaches, and Harry must slowly. Kim put in the box.","This girl in the red coat will put a picture of Bill in the mailbox and on your desk before tomorrow. The chair pushed. The magazines were sent to herself by Mary. The book that crime was declining surprised many people. She talked to John or Mary but I don't know which. There presented itself a wonderful opportunity yesterday. Bill must quickly eat the peaches, and Harry must slowly. Kim put in the box.",20.65701389312744,1.0,1.0,1.0,1,1.0,1.0,85,85
51ad09f6629d,dager_ce,openai-community/gpt2-large,cola,52,8,"Who always drinks milk? Chocolate eggs were hidden from every child by his mother. Terry delighted in my pain. Suddenly, there arrived two inspectors from the INS. Fred talked about everything before Rusty did talk about something. I bought it to give to Pete. Who did they see someone? John believes it sincerely that Bill is here.","Who always drinks milk? Chocolate eggs were hidden from every child by his mother. Terry delighted in my pain. Suddenly, there arrived two inspectors from the INS. Fred talked about everything before Rusty did talk about something. I bought it to give to Pete. Who did they see someone? John believes it sincerely that Bill is here.",19.44760036468506,1.0,1.0,1.0,1,1.0,1.0,66,66
51ad09f6629d,dager_ce,openai-community/gpt2-large,cola,53,8,"They realised that never had Sir Thomas been so offended. Jason happens to appear to seem to be sick. Joan ate dinner with someone but I don't know who with. Who achieved the best result was Angela. Carmen bought Mary a dress. The tube was escaped by gas. The younger woman might have been tall and, and the older one definitely was, blond. We put the pigs in a pen.","They realised that never had Sir Thomas been so offended. Jason happens to appear to seem to be sick. Joan ate dinner with someone but I don't know who with. Who achieved the best result was Angela. Carmen bought Mary a dress. The tube was escaped by gas. The younger woman might have been tall and, and the older one definitely was, blond. We put the pigs in a pen.",20.154476404190063,1.0,1.0,1.0,1,1.0,1.0,81,81
51ad09f6629d,dager_ce,openai-community/gpt2-large,cola,54,8,Chris was handed Sandy a note. The car was driven. They lost themselves' books. Terry delighted. The bucket was kicked by Pat. I read some of the book. Here's a knife with which for you to cut up the onions. They praised the dedication in the volunteers.,Chris was handed Sandy a note. The car was driven. They lost themselves' books. Terry delighted. The bucket was kicked by Pat. I read some of the book. Here's a knife with which for you to cut up the onions. They praised the dedication in the volunteers.,19.516214847564697,1.0,1.0,1.0,1,1.0,1.0,57,57
51ad09f6629d,dager_ce,openai-community/gpt2-large,cola,55,8,"List all experts for the defendant who represented himself. Wash you! I know which book Mag read, and which book Bob said that you hadn't. What additional categories and rules would be required to handle these verbs? Sylvia was slapping Jeff upside the head in martial arts class. It was from six to nine or it took place from six to nine. I can't believe Fred won't, either. Cohen proved that the continuum hypothesis was independent.","List all experts for the defendant who represented himself. Wash you! I know which book Mag read, and which book Bob said that you hadn't. What additional categories and rules would be required to handle these verbs? Sylvia was slapping Jeff upside the head in martial arts class. It was from six to nine or it took place from six to nine. I can't believe Fred won't, either. Cohen proved that the continuum hypothesis was independent.",20.39875888824463,1.0,1.0,1.0,1,1.0,1.0,89,89
51ad09f6629d,dager_ce,openai-community/gpt2-large,cola,56,8,"After reading the pamphlet, Judy threw it into the garbage can. They want them arrested. Most columnists claim that a senior White House official has been briefing them, but none will reveal which one. Kim likes dogs. It was believed that Bill was tardy. This is the book which Bob reviewed, and this is the one which Fred won't do it. Sandy removed her ballet shoes. John's mother likes himself.","After reading the pamphlet, Judy threw it into the garbage can. They want them arrested. Most columnists claim that a senior White House official has been briefing them, but none will reveal which one. Kim likes dogs. It was believed that Bill was tardy. This is the book which Bob reviewed, and this is the one which Fred won't do it. Sandy removed her ballet shoes. John's mother likes himself.",20.905962705612183,1.0,1.0,1.0,1,1.0,1.0,85,85
51ad09f6629d,dager_ce,openai-community/gpt2-large,cola,57,8,"The bread cuts easily. Smith loaned a valuable collection of manuscripts to the library. Burn them! Whose bagels do you like? The more does Bill smoke, the more Susan hates him. John put the book in the box. It was a brand new car that he bought. We launched the rocket to the moon, but it blew up before it got there.","The bread cuts easily. Smith loaned a valuable collection of manuscripts to the library. Burn them! Whose bagels do you like? The more does Bill smoke, the more Susan hates him. John put the book in the box. It was a brand new car that he bought. We launched the rocket to the moon, but it blew up before it got there.",20.390853881835938,1.0,1.0,1.0,1,1.0,1.0,75,75
51ad09f6629d,dager_ce,openai-community/gpt2-large,cola,58,8,"It did not rain. Which book's, author did you meet? Anson demonized Susan told a story to her. I remembered having kissed Mary. I walk and Dana runs. The dog bit the cat. That girl was given my binoculars by him.","It did not rain. Which book's, author did you meet? Anson demonized Susan told a story to her. I remembered having kissed Mary. I walk and Dana runs. The dog bit the cat. That girl was given my binoculars by him.",19.18017578125,1.0,1.0,1.0,1,1.0,1.0,54,54
51ad09f6629d,dager_ce,openai-community/gpt2-large,cola,59,8,John bought a dog for himself to play with. John will rain tomorrow. We never found any of the unicorns. The visitor rang the bell. The paper was written by John up. The paper was written up by John. I gave John gold apples. Which hat did Mike quip that she never wore?,John bought a dog for himself to play with. John will rain tomorrow. We never found any of the unicorns. The visitor rang the bell. The paper was written by John up. The paper was written up by John. I gave John gold apples. Which hat did Mike quip that she never wore?,19.433250665664673,1.0,1.0,1.0,1,1.0,1.0,63,63
51ad09f6629d,dager_ce,openai-community/gpt2-large,cola,60,8,"I never know which papers Sandy has read, but I usually know how many. I'm even sure we got these tickets! Who does John visit Sally because he likes? I like the book which you gave me. how mad was Bill made? Janet broke Bill on the finger. Everyone hoped that she would sing. The children amused.","I never know which papers Sandy has read, but I usually know how many. I'm even sure we got these tickets! Who does John visit Sally because he likes? I like the book which you gave me. how mad was Bill made? Janet broke Bill on the finger. Everyone hoped that she would sing. The children amused.",19.895505905151367,1.0,1.0,1.0,1,1.0,1.0,67,67
51ad09f6629d,dager_ce,openai-community/gpt2-large,cola,61,8,The voices echoed in the hall. Some my jobs are in jeopardy. John gave Bill the dog dead. I would like to could swim Heidi thinks that Andy should eat salmon flavored candy bars. Medea denied poisoning the phoenix. The book which inspired them was very long. John is sad.,The voices echoed in the hall. Some my jobs are in jeopardy. John gave Bill the dog dead. I would like to could swim Heidi thinks that Andy should eat salmon flavored candy bars. Medea denied poisoning the phoenix. The book which inspired them was very long. John is sad.,19.35537052154541,1.0,1.0,1.0,1,1.0,1.0,59,59
51ad09f6629d,dager_ce,openai-community/gpt2-large,cola,62,8,"did the policeman meet in the park? We tried to amuse them that Kim was singing. People with children who use drugs should be locked up. Poor Bill, it had started to rain and he had no umbrella. TV puts dumb ideas. John tries to leave the country. Sally asked if somebody was going to fail math class, but I can't remember who. If he were a rich man, he'd buy a diamond ring.","did the policeman meet in the park? We tried to amuse them that Kim was singing. People with children who use drugs should be locked up. Poor Bill, it had started to rain and he had no umbrella. TV puts dumb ideas. John tries to leave the country. Sally asked if somebody was going to fail math class, but I can't remember who. If he were a rich man, he'd buy a diamond ring.",20.91635823249817,1.0,1.0,1.0,1,1.0,1.0,87,87
51ad09f6629d,dager_ce,openai-community/gpt2-large,cola,63,8,To leave would be a pleasure. Sam gave the ball out of the basket. She talked to John or Mary but I don't know which one. Books were taken from no student and given to Mary. We investigated the area for bombs. Jason persuaded the doctor to treat Medea The books lifted onto the table. I live at the place where Route 150 crosses the Hudson River and my dad lives at it too.,To leave would be a pleasure. Sam gave the ball out of the basket. She talked to John or Mary but I don't know which one. Books were taken from no student and given to Mary. We investigated the area for bombs. Jason persuaded the doctor to treat Medea The books lifted onto the table. I live at the place where Route 150 crosses the Hudson River and my dad lives at it too.,20.49070978164673,1.0,1.0,1.0,1,1.0,1.0,83,83
51ad09f6629d,dager_ce,openai-community/gpt2-large,cola,64,8,"The fort fluttered with many flags. John loaded the wagon full with hay. A seat available was in the last row. They knew that pictures of each other would be on sale. They noticed the painting, but I don't know for how long. John convinced Bill that Mary should sleep. Carla slid at the book. Books were taken from each student and given to Mary.","The fort fluttered with many flags. John loaded the wagon full with hay. A seat available was in the last row. They knew that pictures of each other would be on sale. They noticed the painting, but I don't know for how long. John convinced Bill that Mary should sleep. Carla slid at the book. Books were taken from each student and given to Mary.",20.169147729873657,1.0,1.0,1.0,1,1.0,1.0,77,77
51ad09f6629d,dager_ce,openai-community/gpt2-large,cola,65,8,"She was bathing, but I couldn't make out who. Clinton is anxious to find out which budget dilemmas Panetta would be willing to tackle in a certain way, but he won't say in which. Heidi thinks that Andy to eat salmon flavored candy bars. Which topic did you choose without getting his approval? John put old books in the box. John called the president a fool. Neither von Karajan's recording of Beethoven's 6th on Columbia nor Klemperer's has the right tempo. It was believed by everybody that Mary was a thief.","She was bathing, but I couldn't make out who. Clinton is anxious to find out which budget dilemmas Panetta would be willing to tackle in a certain way, but he won't say in which. Heidi thinks that Andy to eat salmon flavored candy bars. Which topic did you choose without getting his approval? John put old books in the box. John called the president a fool. Neither von Karajan's recording of Beethoven's 6th on Columbia nor Klemperer's has the right tempo. It was believed by everybody that Mary was a thief.",22.322426795959473,1.0,1.0,1.0,1,1.0,1.0,117,117
51ad09f6629d,dager_ce,openai-community/gpt2-large,cola,66,8,"Leslie told ourselves about us. Bob tried to wash himself, and Mary to read the funnies. The crocodile devoured the doughnut. Under the bed seems to be a fun place to hide. The horse that was raced past the barn fell. I saw Bill while you did so Mary. The proof this set is recursive is difficult. We believed John to be a fountain in the park.","Leslie told ourselves about us. Bob tried to wash himself, and Mary to read the funnies. The crocodile devoured the doughnut. Under the bed seems to be a fun place to hide. The horse that was raced past the barn fell. I saw Bill while you did so Mary. The proof this set is recursive is difficult. We believed John to be a fountain in the park.",19.85335373878479,1.0,1.0,1.0,1,1.0,1.0,81,81
51ad09f6629d,dager_ce,openai-community/gpt2-large,cola,67,8,"Sharon came the room. Which girl did Mike quip never wore this hat? Brian threw the fence with the stick. Mary wonders that Bill will come. Joe's neuroses bother his patrons, and Sally does too. Knowing the country well, he took a short cut. Any man didn't eat dinner. The children are happy of ice cream.","Sharon came the room. Which girl did Mike quip never wore this hat? Brian threw the fence with the stick. Mary wonders that Bill will come. Joe's neuroses bother his patrons, and Sally does too. Knowing the country well, he took a short cut. Any man didn't eat dinner. The children are happy of ice cream.",19.719470977783203,1.0,1.0,1.0,1,1.0,1.0,71,71
51ad09f6629d,dager_ce,openai-community/gpt2-large,cola,68,8,"The candidates bring advantage to the voters. She knew French for Tom. Jean wants Bill to do the Macarena. Anson became a muscle bound. There is a bench to sit on. John often meets Mary. Which boy's, mother, did you meet? the baker from whom I bought these bagels left.","The candidates bring advantage to the voters. She knew French for Tom. Jean wants Bill to do the Macarena. Anson became a muscle bound. There is a bench to sit on. John often meets Mary. Which boy's, mother, did you meet? the baker from whom I bought these bagels left.",19.33183193206787,1.0,1.0,1.0,1,1.0,1.0,65,65
51ad09f6629d,dager_ce,openai-community/gpt2-large,cola,69,8,"Only Churchill remembered Churchill giving the Blood, Sweat and Tears speech. How sane is Peter? This is the senator to whose mother's friend's sister's I sent the letter. Pat was awarded the Golden Fleece Award and very upset about it. As a teacher, you have to deal simultaneously with the administration's pressure on you to succeed, and the children's to be a nice guy. Kerry remarked it was late. I like Bill's yellow shirt, but not Max's. John is tall on several occasions.","Only Churchill remembered Churchill giving the Blood, Sweat and Tears speech. How sane is Peter? This is the senator to whose mother's friend's sister's I sent the letter. Pat was awarded the Golden Fleece Award and very upset about it. As a teacher, you have to deal simultaneously with the administration's pressure on you to succeed, and the children's to be a nice guy. Kerry remarked it was late. I like Bill's yellow shirt, but not Max's. John is tall on several occasions.",22.25155019760132,1.0,1.0,1.0,1,1.0,1.0,105,105
51ad09f6629d,dager_ce,openai-community/gpt2-large,cola,70,8,"She said she had spoken to everybody, but he wasn't sure who. The monkey is ate the banana Sandy is very anxious to see if the students will be able to solve the homework problem in a particular way, but she won't tell us in which way. That we invaded Iraq really bites. That the cops spoke to the janitor about it yesterday is terrible, that robbery. Herman whipped the sugar and the cream. Mary revealed himself to John. John is easy to please Kim.","She said she had spoken to everybody, but he wasn't sure who. The monkey is ate the banana Sandy is very anxious to see if the students will be able to solve the homework problem in a particular way, but she won't tell us in which way. That we invaded Iraq really bites. That the cops spoke to the janitor about it yesterday is terrible, that robbery. Herman whipped the sugar and the cream. Mary revealed himself to John. John is easy to please Kim.",22.167253494262695,1.0,1.0,1.0,1,1.0,1.0,98,98
51ad09f6629d,dager_ce,openai-community/gpt2-large,cola,71,8,"I know you eat asparagus. That movie always shocks people. Every student, and he wears socks, is a swinger. Vera sent a baby alligator to Max and a leather dinosaur to Phyllis. That you will marry any student is not certain. We gave ourselves to the cause. Will he can do it? Mary thinks that she is smart.","I know you eat asparagus. That movie always shocks people. Every student, and he wears socks, is a swinger. Vera sent a baby alligator to Max and a leather dinosaur to Phyllis. That you will marry any student is not certain. We gave ourselves to the cause. Will he can do it? Mary thinks that she is smart.",20.4979031085968,1.0,1.0,1.0,1,1.0,1.0,74,74
51ad09f6629d,dager_ce,openai-community/gpt2-large,cola,72,8,He washed her. Mary believes that Bill saw himself. John counted on Bill to get there on time. Nobody saw Pat. In which way is Sandy very anxious to see if the students will be able to solve the homework problem? Kim alienated cats and beating his dog. I am counting on Bill to get there on time. I want goes to the store.,He washed her. Mary believes that Bill saw himself. John counted on Bill to get there on time. Nobody saw Pat. In which way is Sandy very anxious to see if the students will be able to solve the homework problem? Kim alienated cats and beating his dog. I am counting on Bill to get there on time. I want goes to the store.,20.78451681137085,1.0,1.0,1.0,1,1.0,1.0,72,72
51ad09f6629d,dager_ce,openai-community/gpt2-large,cola,73,8,"We recommend to eat less cake and pastry. Neither of students failed. Kick you! Heidi likes her violin. John told Mary that it would be important to leave early. No writer, nor any playwright, meets in Vienna. John ate his noodle quietly. I want to try and buy some whiskey.","We recommend to eat less cake and pastry. Neither of students failed. Kick you! Heidi likes her violin. John told Mary that it would be important to leave early. No writer, nor any playwright, meets in Vienna. John ate his noodle quietly. I want to try and buy some whiskey.",19.375238180160522,1.0,1.0,1.0,1,1.0,1.0,62,62
51ad09f6629d,dager_ce,openai-community/gpt2-large,cola,74,8,There is a programme about Euripides on a Radio 4 tonight? It is some disgruntled old pigs in those ditches that humans love to eat. This violin is difficult to play sonatas on. The teacher handed the student. Benny worked in a shoe factory when he was a student. Susan told her a story. Paul laughed at Mary. The defendant deny the allegation.,There is a programme about Euripides on a Radio 4 tonight? It is some disgruntled old pigs in those ditches that humans love to eat. This violin is difficult to play sonatas on. The teacher handed the student. Benny worked in a shoe factory when he was a student. Susan told her a story. Paul laughed at Mary. The defendant deny the allegation.,20.00701332092285,1.0,1.0,1.0,1,1.0,1.0,76,76
51ad09f6629d,dager_ce,openai-community/gpt2-large,cola,75,8,"Ellen warned Helen against skating on thin ice. John was tall, but I don't know on what occasions. We want John to win. John considers Bill to be silly. Because she's so pleasant, as for Mary I really like her. I saw that gas can explode. Give me the phone number of the person whose mother's dog died. We wanted to invite someone, but we couldn't decide who to.","Ellen warned Helen against skating on thin ice. John was tall, but I don't know on what occasions. We want John to win. John considers Bill to be silly. Because she's so pleasant, as for Mary I really like her. I saw that gas can explode. Give me the phone number of the person whose mother's dog died. We wanted to invite someone, but we couldn't decide who to.",19.74842667579651,1.0,1.0,1.0,1,1.0,1.0,85,85
51ad09f6629d,dager_ce,openai-community/gpt2-large,cola,76,8,"I presented it to Bill to read. As a statesman, scarcely could he do anything worth mentioning. Mary has always preferred lemons to limes. That John is reluctant seems. Blue leather shows herself that Betsy is pretty. I might be not going to the party but washing my hair Newsweek appeared on the newsstands. the putter of books left.","I presented it to Bill to read. As a statesman, scarcely could he do anything worth mentioning. Mary has always preferred lemons to limes. That John is reluctant seems. Blue leather shows herself that Betsy is pretty. I might be not going to the party but washing my hair Newsweek appeared on the newsstands. the putter of books left.",19.8154354095459,1.0,1.0,1.0,1,1.0,1.0,73,73
51ad09f6629d,dager_ce,openai-community/gpt2-large,cola,77,8,"They may grow as high as bamboo. That movie always shocks. Nobody who hates to eat anything should work in a delicatessen. Ellen said that melons were selling well. That's a new car dealership. Sandy was trying to work out which students would be able to solve a certain problem, but she wouldn't tell us which one. John is aware of it that Bill is here. John can kick the ball.","They may grow as high as bamboo. That movie always shocks. Nobody who hates to eat anything should work in a delicatessen. Ellen said that melons were selling well. That's a new car dealership. Sandy was trying to work out which students would be able to solve a certain problem, but she wouldn't tell us which one. John is aware of it that Bill is here. John can kick the ball.",21.225755214691162,1.0,1.0,1.0,1,1.0,1.0,85,85
51ad09f6629d,dager_ce,openai-community/gpt2-large,cola,78,8,Everyone hopes everyone to sleep. An evil thought struck Dave. The bird sing. Sue gave to Bill a book. Sandy was trying to work out which students would be able to solve a certain problem. Which boy's did we elect guardian's employer president? Henry found that Bill is sad. Anson thought that himself was happy.,Everyone hopes everyone to sleep. An evil thought struck Dave. The bird sing. Sue gave to Bill a book. Sandy was trying to work out which students would be able to solve a certain problem. Which boy's did we elect guardian's employer president? Henry found that Bill is sad. Anson thought that himself was happy.,20.055327653884888,1.0,1.0,1.0,1,1.0,1.0,66,66
51ad09f6629d,dager_ce,openai-community/gpt2-large,cola,79,8,"Mary arranged for, in St. Louis, John to rent a house cheap. Colin asked if they could get a mortgage. The dog stole the turkey. Over the fire there bubbled a fragrant stew. The bills passed by the House yesterday that we objected to were vetoed. That banana is eating the monkey. I served leek soup to my guests. Tom said he would and Bill actually did eat a raw eggplant.","Mary arranged for, in St. Louis, John to rent a house cheap. Colin asked if they could get a mortgage. The dog stole the turkey. Over the fire there bubbled a fragrant stew. The bills passed by the House yesterday that we objected to were vetoed. That banana is eating the monkey. I served leek soup to my guests. Tom said he would and Bill actually did eat a raw eggplant.",19.943613290786743,1.0,1.0,1.0,1,1.0,1.0,86,86
51ad09f6629d,dager_ce,openai-community/gpt2-large,cola,80,8,John placed Kim behind the garage. We celebrated in the streets in the rain on Tuesday in the morning. A smith hammered the metal. John is eager. The guests dined. John sounded very. I ate that she was happy to die is no fun.,John placed Kim behind the garage. We celebrated in the streets in the rain on Tuesday in the morning. A smith hammered the metal. John is eager. The guests dined. John sounded very. I ate that she was happy to die is no fun.,19.51543402671814,1.0,1.0,1.0,1,1.0,1.0,53,53
51ad09f6629d,dager_ce,openai-community/gpt2-large,cola,81,8,"We gave ourselves presents. The paper is cut by Mary. Which book did each author recommend? Felicia kicked the ball off the bench. His or her least known work. I won't ask you to believe that he tried to force me to give her any money. John told Mary that it was important to Fred to leave early. Chris walks, Pat eats broccoli, and Sandy plays squash.","We gave ourselves presents. The paper is cut by Mary. Which book did each author recommend? Felicia kicked the ball off the bench. His or her least known work. I won't ask you to believe that he tried to force me to give her any money. John told Mary that it was important to Fred to leave early. Chris walks, Pat eats broccoli, and Sandy plays squash.",20.375733852386475,1.0,1.0,1.0,1,1.0,1.0,79,79
51ad09f6629d,dager_ce,openai-community/gpt2-large,cola,82,8,"Sandy was trying to work out which students would be able to solve a certain problem, but she wouldn't tell us which one. I'm creating a committee. Kim – you're in charge. Jack is the person with whom Jenny fell in love with. It was to John that I gave the book. Anson believed himself to be handsome. John considers Bill silly. John made Bill master of himself. Marianne did not leave.","Sandy was trying to work out which students would be able to solve a certain problem, but she wouldn't tell us which one. I'm creating a committee. Kim – you're in charge. Jack is the person with whom Jenny fell in love with. It was to John that I gave the book. Anson believed himself to be handsome. John considers Bill silly. John made Bill master of himself. Marianne did not leave.",21.18728995323181,1.0,1.0,1.0,1,1.0,1.0,88,88
51ad09f6629d,dager_ce,openai-community/gpt2-large,cola,83,8,"If I can, I will work on it. I wonder to whom they dedicated the building. It isn't because Sue said anything bad about me that I'm angry. Nobody likes us. The cat was bitten the mouse by the dog. I gave it to Pete to take to the fair. Everyone who knows either Susan or Laura likes her. I know you like the back of my hand.","If I can, I will work on it. I wonder to whom they dedicated the building. It isn't because Sue said anything bad about me that I'm angry. Nobody likes us. The cat was bitten the mouse by the dog. I gave it to Pete to take to the fair. Everyone who knows either Susan or Laura likes her. I know you like the back of my hand.",19.973759412765503,1.0,1.0,1.0,1,1.0,1.0,79,79
51ad09f6629d,dager_ce,openai-community/gpt2-large,cola,84,8,"Sentences some go on and on and on and on. Himself is understood by Rutherford. The building's the roof is leaking. The box contained the ball from the tree. We gave presents to ourselves. John left orders not to be disturbed. Mary likes to tour art galleries, but Bill hates to. That Chris knew the answer occurred to Pat.","Sentences some go on and on and on and on. Himself is understood by Rutherford. The building's the roof is leaking. The box contained the ball from the tree. We gave presents to ourselves. John left orders not to be disturbed. Mary likes to tour art galleries, but Bill hates to. That Chris knew the answer occurred to Pat.",19.767176389694214,1.0,1.0,1.0,1,1.0,1.0,70,70
51ad09f6629d,dager_ce,openai-community/gpt2-large,cola,85,8,"The book that I said that I'd never read. Susan devoted herself to linguistics. I'll work on it if I can. Carla shoveled the walk. Max seemed to be trying to force Ted to leave the room, and Walt to stay a little longer. Did Athena help us? A proof that the claim had been. made was giver that John had lied. I drank some of water.","The book that I said that I'd never read. Susan devoted herself to linguistics. I'll work on it if I can. Carla shoveled the walk. Max seemed to be trying to force Ted to leave the room, and Walt to stay a little longer. Did Athena help us? A proof that the claim had been. made was giver that John had lied. I drank some of water.",20.488243103027344,1.0,1.0,1.0,1,1.0,1.0,83,83
51ad09f6629d,dager_ce,openai-community/gpt2-large,cola,86,8,"Scientists at the South Hanoi Institute of Technology have succeeded in raising one dog with five legs, another with a cow's liver, and a third with no head. On whom are you counting to incriminate himself? I don't know if I should agree. I wonder who for us to trust. Mary was respected by John. Vote for you! John has something for Bill to do. They found the book on the atom.","Scientists at the South Hanoi Institute of Technology have succeeded in raising one dog with five legs, another with a cow's liver, and a third with no head. On whom are you counting to incriminate himself? I don't know if I should agree. I wonder who for us to trust. Mary was respected by John. Vote for you! John has something for Bill to do. They found the book on the atom.",21.76727318763733,1.0,1.0,1.0,1,1.0,1.0,87,87
51ad09f6629d,dager_ce,openai-community/gpt2-large,cola,87,8,"Sarah promised Catherine her old car, but then gave it to her son instead. Most people probably consider, even though the courts didn't actually find, Klaus guilty of murder. People are looking through the window. The table was wiped by John clean. Because Steve's of a spider's eye had been stolen, I borrowed Fred's diagram of a snake's fang. Few dog barked. The book that I like - everyone else in the class hates. the attempt by John to leave surprised me.","Sarah promised Catherine her old car, but then gave it to her son instead. Most people probably consider, even though the courts didn't actually find, Klaus guilty of murder. People are looking through the window. The table was wiped by John clean. Because Steve's of a spider's eye had been stolen, I borrowed Fred's diagram of a snake's fang. Few dog barked. The book that I like - everyone else in the class hates. the attempt by John to leave surprised me.",21.1762592792511,1.0,1.0,1.0,1,1.0,1.0,101,101
51ad09f6629d,dager_ce,openai-community/gpt2-large,cola,88,8,"Jean is reluctant to dance. Bother you that Kim left! Lou hoped the umbrella in the closet. The TA's have been arguing about whether some student or other should pass, but I can't now remember which one. This dye will run. John talked to Bill about himself. Lee saw the student with a telescope. Since Jill said Joe had invited Sue, we didn't have to ask who.","Jean is reluctant to dance. Bother you that Kim left! Lou hoped the umbrella in the closet. The TA's have been arguing about whether some student or other should pass, but I can't now remember which one. This dye will run. John talked to Bill about himself. Lee saw the student with a telescope. Since Jill said Joe had invited Sue, we didn't have to ask who.",20.727206707000732,1.0,1.0,1.0,1,1.0,1.0,81,81
51ad09f6629d,dager_ce,openai-community/gpt2-large,cola,89,8,"Each candidate who has interest in semantics will be admitted to the department. Mary listens to the Grateful Dead, she gets depressed. Anson demonized David every day The cat slept soundly and furry. There were several old rocks songs that she and I were the only two who knew. Chris handed Bo. What did you leave before they did? That professor is feared by all students.","Each candidate who has interest in semantics will be admitted to the department. Mary listens to the Grateful Dead, she gets depressed. Anson demonized David every day The cat slept soundly and furry. There were several old rocks songs that she and I were the only two who knew. Chris handed Bo. What did you leave before they did? That professor is feared by all students.",19.947875261306763,1.0,1.0,1.0,1,1.0,1.0,77,77
51ad09f6629d,dager_ce,openai-community/gpt2-large,cola,90,8,Jackie accompanied Rose. That Sam sometimes didn't sleep must have pleased somebody. The dogs barked. They chased the man with the car. I thought that you were sick. Will Anson come to the party? She said she talked to three students but I don't know how many. Water bubbled up out of the kettle.,Jackie accompanied Rose. That Sam sometimes didn't sleep must have pleased somebody. The dogs barked. They chased the man with the car. I thought that you were sick. Will Anson come to the party? She said she talked to three students but I don't know how many. Water bubbled up out of the kettle.,19.671545267105103,1.0,1.0,1.0,1,1.0,1.0,68,68
51ad09f6629d,dager_ce,openai-community/gpt2-large,cola,91,8,"That Fred was unpopular nominated Bill. the election of John president surprised me. The tank leaked the fluid free. The book is boring. The farmer loaded the cart with apples. Emma made Harriet some food. Some people yell at noisy dogs in my neighborhood. The angrier Mary got, the more she looked at pictures.","That Fred was unpopular nominated Bill. the election of John president surprised me. The tank leaked the fluid free. The book is boring. The farmer loaded the cart with apples. Emma made Harriet some food. Some people yell at noisy dogs in my neighborhood. The angrier Mary got, the more she looked at pictures.",19.506186485290527,1.0,1.0,1.0,1,1.0,1.0,64,64
51ad09f6629d,dager_ce,openai-community/gpt2-large,cola,92,8,"It is painting by Klee or drawing by Miro that the museum displays no. Some people consider noisy dogs in my neighborhood dangerous. There is a monster in Loch Ness. We found your letter to ourselves in the trash. The administration has issued a statement that it is willing to meet a student group, but I'm not sure which one. a tall building. to steal talismans from witches is dangerous It was believed by the students that they would have an exam.","It is painting by Klee or drawing by Miro that the museum displays no. Some people consider noisy dogs in my neighborhood dangerous. There is a monster in Loch Ness. We found your letter to ourselves in the trash. The administration has issued a statement that it is willing to meet a student group, but I'm not sure which one. a tall building. to steal talismans from witches is dangerous It was believed by the students that they would have an exam.",21.048479557037354,1.0,1.0,1.0,1,1.0,1.0,95,95
51ad09f6629d,dager_ce,openai-community/gpt2-large,cola,93,8,A large dog chased a small cat. It is nice to go abroad. A magazine appeared on the newsstands. My mother is easy to please my father and. It is easy to play sonatas on this violin. Drew believes I think Rosie loves magazine ads. Any owl hunts mice. The chickens seem fond of the farmer.,A large dog chased a small cat. It is nice to go abroad. A magazine appeared on the newsstands. My mother is easy to please my father and. It is easy to play sonatas on this violin. Drew believes I think Rosie loves magazine ads. Any owl hunts mice. The chickens seem fond of the farmer.,19.650875329971313,1.0,1.0,1.0,1,1.0,1.0,69,69
51ad09f6629d,dager_ce,openai-community/gpt2-large,cola,94,8,"It loved Sandy. Sam doesn't play bassoon, nor Medusa oboe. Linda taped the picture to the wall. I wonder what to be a clown on the cover of. She talked to Harry, but I don't know who else. The cat were bitten by the dog. The ship sank, but I don't know with what. This week will be a difficult one for us.","It loved Sandy. Sam doesn't play bassoon, nor Medusa oboe. Linda taped the picture to the wall. I wonder what to be a clown on the cover of. She talked to Harry, but I don't know who else. The cat were bitten by the dog. The ship sank, but I don't know with what. This week will be a difficult one for us.",19.56480383872986,1.0,1.0,1.0,1,1.0,1.0,80,80
51ad09f6629d,dager_ce,openai-community/gpt2-large,cola,95,8,"Bill wondered how many papers Sandy had read, but he didn't care which ones. Most columnists claim that a senior White House official has been briefing them, and the newspaper today reveals which one. Those pictures of us offended us. A magazine about crime appeared on the newsstands. There is a seat available. Everyone relies on someone. It's unclear who. Who has Peter talked with? Bill's story about Sue and Max's about Kathy both amazed me.","Bill wondered how many papers Sandy had read, but he didn't care which ones. Most columnists claim that a senior White House official has been briefing them, and the newspaper today reveals which one. Those pictures of us offended us. A magazine about crime appeared on the newsstands. There is a seat available. Everyone relies on someone. It's unclear who. Who has Peter talked with? Bill's story about Sue and Max's about Kathy both amazed me.",21.077659606933594,1.0,1.0,1.0,1,1.0,1.0,94,94
51ad09f6629d,dager_ce,openai-community/gpt2-large,cola,96,8,"The police sprayed water on the protesters. I was already aware of fact. We elected me. The monkeys proud of their leader. We donated wire for the convicts to build cages with. John likes some students, but I don't know who John likes some students. Maxwell is quite a doctor. John was spoken to by Mary.","The police sprayed water on the protesters. I was already aware of fact. We elected me. The monkeys proud of their leader. We donated wire for the convicts to build cages with. John likes some students, but I don't know who John likes some students. Maxwell is quite a doctor. John was spoken to by Mary.",19.837949514389038,1.0,1.0,1.0,1,1.0,1.0,67,67
51ad09f6629d,dager_ce,openai-community/gpt2-large,cola,97,8,"She voted for herself. I hope to would study in France. It never occurred to Pat that Chris knew the answer. What the water did to the whole bottle was fill it. Jerry attempted to blow up the Pentagon. Some people consider dogs in my neighborhood dangerous. With my parents as supportive as they are, I'll be in fine shape. Pat is the captain of the team.","She voted for herself. I hope to would study in France. It never occurred to Pat that Chris knew the answer. What the water did to the whole bottle was fill it. Jerry attempted to blow up the Pentagon. Some people consider dogs in my neighborhood dangerous. With my parents as supportive as they are, I'll be in fine shape. Pat is the captain of the team.",19.926114559173584,1.0,1.0,1.0,1,1.0,1.0,77,77
51ad09f6629d,dager_ce,openai-community/gpt2-large,cola,98,8,"We admired the pictures of ourselves in the album. She can run an accelerator. I live at the place where Route 150 crosses the River and my dad lives at the place where Route 150 crosses the Hudson River too. Mary claimed that eating cabbage, Holly shouldn't. The table was wiped clean by John. Bill ate more peaches than Harry did grapes. We relied above Leslie. Some of them made as many errors as 20.","We admired the pictures of ourselves in the album. She can run an accelerator. I live at the place where Route 150 crosses the River and my dad lives at the place where Route 150 crosses the Hudson River too. Mary claimed that eating cabbage, Holly shouldn't. The table was wiped clean by John. Bill ate more peaches than Harry did grapes. We relied above Leslie. Some of them made as many errors as 20.",21.093882083892822,1.0,1.0,1.0,1,1.0,1.0,86,86
51ad09f6629d,dager_ce,openai-community/gpt2-large,cola,99,8,"This flyer and that flyer differ apart. A grandfather clock ticked in the hallway. Brown presented a plaque to Jones. I found the place where we can relax. Which topic did you get bored because Mary talked about? They were going to meet sometime on Sunday, but the faculty didn't know when. I forgot how good beer tastes. Sally is tall, and may be blond, and Sheila is short, and definitely is, blond.","This flyer and that flyer differ apart. A grandfather clock ticked in the hallway. Brown presented a plaque to Jones. I found the place where we can relax. Which topic did you get bored because Mary talked about? They were going to meet sometime on Sunday, but the faculty didn't know when. I forgot how good beer tastes. Sally is tall, and may be blond, and Sheila is short, and definitely is, blond.",20.730836153030396,1.0,1.0,1.0,1,1.0,1.0,88,88
